{"cameraMode":{"drawMode":0,"name":"Shaded","section":"Shading Mode"},"sceneLighting":false,"audioPlay":false,"sceneViewState":{"m_AlwaysRefresh":false,"showFog":true,"showSkybox":false,"showFlares":true,"showImageEffects":true,"showParticleSystems":true,"showVisualEffectGraphs":true,"m_FxEnabled":true},"in2DMode":false,"pivot":{"x":6.398989200592041,"y":0.5467596650123596,"z":1.6023637056350709},"rotation":{"x":0.033977046608924869,"y":-0.11011547595262528,"z":-0.0037652854807674886,"w":-0.9933437705039978},"size":1.0857186317443848,"orthographic":false}