{"cameraMode":{"drawMode":0,"name":"Shaded","section":"Shading Mode"},"sceneLighting":false,"audioPlay":false,"sceneViewState":{"m_AlwaysRefresh":false,"showFog":true,"showSkybox":false,"showFlares":true,"showImageEffects":true,"showParticleSystems":true,"showVisualEffectGraphs":true,"m_FxEnabled":true},"in2DMode":false,"pivot":{"x":5.988525390625,"y":0.3064195215702057,"z":1.4363949298858643},"rotation":{"x":-0.0003079272573813796,"y":-0.05188005045056343,"z":0.000017373638911521994,"w":-0.998670220375061},"size":0.6641842126846314,"orthographic":false}