{"cameraMode":{"drawMode":0,"name":"Shaded","section":"Shading Mode"},"sceneLighting":false,"audioPlay":false,"sceneViewState":{"m_AlwaysRefresh":false,"showFog":true,"showSkybox":false,"showFlares":true,"showImageEffects":true,"showParticleSystems":true,"showVisualEffectGraphs":true,"m_FxEnabled":true},"in2DMode":false,"pivot":{"x":5.721200466156006,"y":0.3785056173801422,"z":1.4797147512435914},"rotation":{"x":-0.16597560048103333,"y":-0.027512745931744577,"z":0.00463084178045392,"w":-0.9857610464096069},"size":1.4923090934753419,"orthographic":false}